RespondentID,CollectorID,StartDate,EndDate,IP Address,Email Address,First Name,LastName,Custom Data,"Name: ","In this part, on a scale of 1 (Almost Never) to 4 (Almost Always), for each of the following ten statements, please circle the number that best describes you.",,,,,,,,,,,,,,,,,,,,,,,,,,,,,,,,,,,,,,,,"Name of Project: ","Sub-Section B1<br />In this sub-section, think of the overall experience you have had so far over a project, please choose one of the manikins that best describe how you feel toward that project. For example, if you are happy with a project, then choose a manikin with a smiling face.",,,,,,,,,"Sub-Section B2<br />In this sub-section, on a scale of 1 (Strongly Disagree) to 5 (Strongly Agree), for each of the following ten statements, please circle the number that best describes you.",,,,,,,,,,,,,,,,,,,,,,,,,,,,,,,,,,,,,,,,,,,,,"Name of Project: ","Sub-Section B1<br />In this sub-section, think of the overall experience you have had so far over a project, please choose one of the manikins that best describe how you feel toward that project. For example, if you are happy with a project, then choose a manikin with a smiling face.",,,,,,,,,"Sub-Section B2<br />In this sub-section, on a scale of 1 (Strongly Disagree) to 5 (Strongly Agree), for each of the following ten statements, please circle the number that best describes you.",,,,,,,,,,,,,,,,,,,,,,,,,,,,,,,,,,,,,,,,,,,,,"Name of Project: ","Sub-Section B1<br />In this sub-section, think of the overall experience you have had so far over a project, please choose one of the manikins that best describe how you feel toward that project. For example, if you are happy with a project, then choose a manikin with a smiling face.",,,,,,,,,"Sub-Section B2<br />In this sub-section, on a scale of 1 (Strongly Disagree) to 5 (Strongly Agree), for each of the following ten statements, please circle the number that best describes you.",,,,,,,,,,,,,,,,,,,,,,,,,,,,,,,,,,,,,,,,,,,,,"Name of Project: ","Sub-Section B1<br />In this sub-section, think of the overall experience you have had so far over a project, please choose one of the manikins that best describe how you feel toward that project. For example, if you are happy with a project, then choose a manikin with a smiling face.",,,,,,,,,"Sub-Section B2<br />In this sub-section, on a scale of 1 (Strongly Disagree) to 5 (Strongly Agree), for each of the following ten statements, please circle the number that best describes you.",,,,,,,,,,,,,,,,,,,,,,,,,,,,,,
,,,,,,,,,"Open-Ended Response","Enjoy learning about subjects which are unfamiliar - Almost Never","Enjoy learning about subjects which are unfamiliar - Sometimes","Enjoy learning about subjects which are unfamiliar - Often","Enjoy learning about subjects which are unfamiliar - Almost Always","Fascinating to learn new information - Almost Never","Fascinating to learn new information - Sometimes","Fascinating to learn new information - Often","Fascinating to learn new information - Almost Always","Enjoy exploring new ideas - Almost Never","Enjoy exploring new ideas - Sometimes","Enjoy exploring new ideas - Often","Enjoy exploring new ideas - Almost Always","Learn something new / like to find out more - Almost Never","Learn something new / like to find out more - Sometimes","Learn something new / like to find out more - Often","Learn something new / like to find out more - Almost Always","Enjoy discussing abstract concepts - Almost Never","Enjoy discussing abstract concepts - Sometimes","Enjoy discussing abstract concepts - Often","Enjoy discussing abstract concepts - Almost Always","See a complicated piece of machinery, ask someone how it works - Almost Never","See a complicated piece of machinery, ask someone how it works - Sometimes","See a complicated piece of machinery, ask someone how it works - Often","See a complicated piece of machinery, ask someone how it works - Almost Always","New kind of arithmetic problems, enjoy imagining solutions - Almost Never","New kind of arithmetic problems, enjoy imagining solutions - Sometimes","New kind of arithmetic problems, enjoy imagining solutions - Often","New kind of arithmetic problems, enjoy imagining solutions - Almost Always","Incomplete puzzles, try and imagine the final solution - Almost Never","Incomplete puzzles, try and imagine the final solution - Sometimes","Incomplete puzzles, try and imagine the final solution - Often","Incomplete puzzles, try and imagine the final solution - Almost Always","Interested in discovering how things work - Almost Never","Interested in discovering how things work - Sometimes","Interested in discovering how things work - Often","Interested in discovering how things work - Almost Always","A riddle / interested in trying to solve it - Almost Never","A riddle / interested in trying to solve it - Sometimes","A riddle / interested in trying to solve it - Often","A riddle / interested in trying to solve it - Almost Always","Open-Ended Response","<img height=""118"" width=""149"" src=""http://tuvalu.santafe.edu/events/workshops/images/9/97/IMG_44083.PNG"" />","<img height=""156"" width=""150"" alt="""" src=""http://tuvalu.santafe.edu/events/workshops/images/8/8e/IMG_44084.PNG"" />","<img height=""151"" width=""149"" alt="""" src=""http://tuvalu.santafe.edu/events/workshops/images/d/d8/IMG_44085.PNG"" />","<img height=""154"" width=""149"" alt="""" src=""http://tuvalu.santafe.edu/events/workshops/images/4/42/IMG_44086.PNG"" />","<img height=""153"" width=""149"" alt="""" src=""http://tuvalu.santafe.edu/events/workshops/images/9/93/IMG_44087.PNG"" />","<img height=""153"" width=""149"" alt="""" src=""http://tuvalu.santafe.edu/events/workshops/images/3/32/IMG_44088.PNG"" />","<img height=""156"" width=""149"" alt="""" src=""http://tuvalu.santafe.edu/events/workshops/images/4/42/IMG_44089.PNG"" />","<img height=""154"" width=""149"" alt="""" src=""http://tuvalu.santafe.edu/events/workshops/images/3/34/IMG_44081.PNG"" />","<img height=""156"" width=""149"" src=""http://tuvalu.santafe.edu/events/workshops/images/5/55/IMG_44082.PNG"" />","The project stimulates my curiosity - Strongly Disagree","The project stimulates my curiosity - Disagree","The project stimulates my curiosity - Neutral","The project stimulates my curiosity - Agree","The project stimulates my curiosity - Strongly Agree","The project is interesting - Strongly Disagree","The project is interesting - Disagree","The project is interesting - Neutral","The project is interesting - Agree","The project is interesting - Strongly Agree","The project is fun - Strongly Disagree","The project is fun - Disagree","The project is fun - Neutral","The project is fun - Agree","The project is fun - Strongly Agree","I want to continue investigating the project - Strongly Disagree","I want to continue investigating the project - Disagree","I want to continue investigating the project - Neutral","I want to continue investigating the project - Agree","I want to continue investigating the project - Strongly Agree","The project makes me feel curious - Strongly Disagree","The project makes me feel curious - Disagree","The project makes me feel curious - Neutral","The project makes me feel curious - Agree","The project makes me feel curious - Strongly Agree","The project is enjoyable - Strongly Disagree","The project is enjoyable - Disagree","The project is enjoyable - Neutral","The project is enjoyable - Agree","The project is enjoyable - Strongly Agree","The project makes me want to explore it further - Strongly Disagree","The project makes me want to explore it further - Disagree","The project makes me want to explore it further - Neutral","The project makes me want to explore it further - Agree","The project makes me want to explore it further - Strongly Agree","The project is relevant to the discipline I am studying - Strongly Disagree","The project is relevant to the discipline I am studying - Disagree","The project is relevant to the discipline I am studying - Neutral","The project is relevant to the discipline I am studying - Agree","The project is relevant to the discipline I am studying - Strongly Agree","I would be willing to further explore the project beyond the duration of the summer school - Strongly Disagree","I would be willing to further explore the project beyond the duration of the summer school - Disagree","I would be willing to further explore the project beyond the duration of the summer school - Neutral","I would be willing to further explore the project beyond the duration of the summer school - Agree","I would be willing to further explore the project beyond the duration of the summer school - Strongly Agree","Open-Ended Response","<img height=""118"" width=""149"" src=""http://tuvalu.santafe.edu/events/workshops/images/9/97/IMG_44083.PNG"" />","<img height=""156"" width=""150"" alt="""" src=""http://tuvalu.santafe.edu/events/workshops/images/8/8e/IMG_44084.PNG"" />","<img height=""151"" width=""149"" alt="""" src=""http://tuvalu.santafe.edu/events/workshops/images/d/d8/IMG_44085.PNG"" />","<img height=""154"" width=""149"" alt="""" src=""http://tuvalu.santafe.edu/events/workshops/images/4/42/IMG_44086.PNG"" />","<img height=""153"" width=""149"" alt="""" src=""http://tuvalu.santafe.edu/events/workshops/images/9/93/IMG_44087.PNG"" />","<img height=""153"" width=""149"" alt="""" src=""http://tuvalu.santafe.edu/events/workshops/images/3/32/IMG_44088.PNG"" />","<img height=""156"" width=""149"" alt="""" src=""http://tuvalu.santafe.edu/events/workshops/images/4/42/IMG_44089.PNG"" />","<img height=""154"" width=""149"" alt="""" src=""http://tuvalu.santafe.edu/events/workshops/images/3/34/IMG_44081.PNG"" />","<img height=""156"" width=""149"" src=""http://tuvalu.santafe.edu/events/workshops/images/5/55/IMG_44082.PNG"" />","The project stimulates my curiosity - Strongly Disagree","The project stimulates my curiosity - Disagree","The project stimulates my curiosity - Neutral","The project stimulates my curiosity - Agree","The project stimulates my curiosity - Strongly Agree","The project is interesting - Strongly Disagree","The project is interesting - Disagree","The project is interesting - Neutral","The project is interesting - Agree","The project is interesting - Strongly Agree","The project is fun - Strongly Disagree","The project is fun - Disagree","The project is fun - Neutral","The project is fun - Agree","The project is fun - Strongly Agree","I want to continue investigating the project - Strongly Disagree","I want to continue investigating the project - Disagree","I want to continue investigating the project - Neutral","I want to continue investigating the project - Agree","I want to continue investigating the project - Strongly Agree","The project makes me feel curious - Strongly Disagree","The project makes me feel curious - Disagree","The project makes me feel curious - Neutral","The project makes me feel curious - Agree","The project makes me feel curious - Strongly Agree","The project is enjoyable - Strongly Disagree","The project is enjoyable - Disagree","The project is enjoyable - Neutral","The project is enjoyable - Agree","The project is enjoyable - Strongly Agree","The project makes me want to explore it further - Strongly Disagree","The project makes me want to explore it further - Disagree","The project makes me want to explore it further - Neutral","The project makes me want to explore it further - Agree","The project makes me want to explore it further - Strongly Agree","The project is relevant to the discipline I am studying - Strongly Disagree","The project is relevant to the discipline I am studying - Disagree","The project is relevant to the discipline I am studying - Neutral","The project is relevant to the discipline I am studying - Agree","The project is relevant to the discipline I am studying - Strongly Agree","I would be willing to further explore the project beyond the duration of the summer school - Strongly Disagree","I would be willing to further explore the project beyond the duration of the summer school - Disagree","I would be willing to further explore the project beyond the duration of the summer school - Neutral","I would be willing to further explore the project beyond the duration of the summer school - Agree","I would be willing to further explore the project beyond the duration of the summer school - Strongly Agree","Open-Ended Response","<img height=""118"" width=""149"" src=""http://tuvalu.santafe.edu/events/workshops/images/9/97/IMG_44083.PNG"" />","<img height=""156"" width=""150"" alt="""" src=""http://tuvalu.santafe.edu/events/workshops/images/8/8e/IMG_44084.PNG"" />","<img height=""151"" width=""149"" alt="""" src=""http://tuvalu.santafe.edu/events/workshops/images/d/d8/IMG_44085.PNG"" />","<img height=""154"" width=""149"" alt="""" src=""http://tuvalu.santafe.edu/events/workshops/images/4/42/IMG_44086.PNG"" />","<img height=""153"" width=""149"" alt="""" src=""http://tuvalu.santafe.edu/events/workshops/images/9/93/IMG_44087.PNG"" />","<img height=""153"" width=""149"" alt="""" src=""http://tuvalu.santafe.edu/events/workshops/images/3/32/IMG_44088.PNG"" />","<img height=""156"" width=""149"" alt="""" src=""http://tuvalu.santafe.edu/events/workshops/images/4/42/IMG_44089.PNG"" />","<img height=""154"" width=""149"" alt="""" src=""http://tuvalu.santafe.edu/events/workshops/images/3/34/IMG_44081.PNG"" />","<img height=""156"" width=""149"" src=""http://tuvalu.santafe.edu/events/workshops/images/5/55/IMG_44082.PNG"" />","The project stimulates my curiosity - Strongly Disagree","The project stimulates my curiosity - Disagree","The project stimulates my curiosity - Neutral","The project stimulates my curiosity - Agree","The project stimulates my curiosity - Strongly Agree","The project is interesting - Strongly Disagree","The project is interesting - Disagree","The project is interesting - Neutral","The project is interesting - Agree","The project is interesting - Strongly Agree","The project is fun - Strongly Disagree","The project is fun - Disagree","The project is fun - Neutral","The project is fun - Agree","The project is fun - Strongly Agree","I want to continue investigating the project - Strongly Disagree","I want to continue investigating the project - Disagree","I want to continue investigating the project - Neutral","I want to continue investigating the project - Agree","I want to continue investigating the project - Strongly Agree","The project makes me feel curious - Strongly Disagree","The project makes me feel curious - Disagree","The project makes me feel curious - Neutral","The project makes me feel curious - Agree","The project makes me feel curious - Strongly Agree","The project is enjoyable - Strongly Disagree","The project is enjoyable - Disagree","The project is enjoyable - Neutral","The project is enjoyable - Agree","The project is enjoyable - Strongly Agree","The project makes me want to explore it further - Strongly Disagree","The project makes me want to explore it further - Disagree","The project makes me want to explore it further - Neutral","The project makes me want to explore it further - Agree","The project makes me want to explore it further - Strongly Agree","The project is relevant to the discipline I am studying - Strongly Disagree","The project is relevant to the discipline I am studying - Disagree","The project is relevant to the discipline I am studying - Neutral","The project is relevant to the discipline I am studying - Agree","The project is relevant to the discipline I am studying - Strongly Agree","I would be willing to further explore the project beyond the duration of the summer school - Strongly Disagree","I would be willing to further explore the project beyond the duration of the summer school - Disagree","I would be willing to further explore the project beyond the duration of the summer school - Neutral","I would be willing to further explore the project beyond the duration of the summer school - Agree","I would be willing to further explore the project beyond the duration of the summer school - Strongly Agree","Open-Ended Response","<img height=""118"" width=""149"" src=""http://tuvalu.santafe.edu/events/workshops/images/9/97/IMG_44083.PNG"" />","<img height=""156"" width=""150"" alt="""" src=""http://tuvalu.santafe.edu/events/workshops/images/8/8e/IMG_44084.PNG"" />","<img height=""151"" width=""149"" alt="""" src=""http://tuvalu.santafe.edu/events/workshops/images/d/d8/IMG_44085.PNG"" />","<img height=""154"" width=""149"" alt="""" src=""http://tuvalu.santafe.edu/events/workshops/images/4/42/IMG_44086.PNG"" />","<img height=""153"" width=""149"" alt="""" src=""http://tuvalu.santafe.edu/events/workshops/images/9/93/IMG_44087.PNG"" />","<img height=""153"" width=""149"" alt="""" src=""http://tuvalu.santafe.edu/events/workshops/images/3/32/IMG_44088.PNG"" />","<img height=""156"" width=""149"" alt="""" src=""http://tuvalu.santafe.edu/events/workshops/images/4/42/IMG_44089.PNG"" />","<img height=""154"" width=""149"" alt="""" src=""http://tuvalu.santafe.edu/events/workshops/images/3/34/IMG_44081.PNG"" />","<img height=""156"" width=""149"" src=""http://tuvalu.santafe.edu/events/workshops/images/5/55/IMG_44082.PNG"" />","The project stimulates my curiosity - Strongly Disagree","The project stimulates my curiosity - Disagree","The project stimulates my curiosity - Neutral","The project stimulates my curiosity - Agree","The project stimulates my curiosity - Strongly Agree","The project is interesting - Strongly Disagree","The project is interesting - Disagree","The project is interesting - Neutral","The project is interesting - Agree","The project is interesting - Strongly Agree","The project is fun - Strongly Disagree","The project is fun - Disagree","The project is fun - Neutral","The project is fun - Agree","The project is fun - Strongly Agree","I want to continue investigating the project - Strongly Disagree","I want to continue investigating the project - Disagree","I want to continue investigating the project - Neutral","I want to continue investigating the project - Agree","I want to continue investigating the project - Strongly Agree","The project makes me feel curious - Strongly Disagree","The project makes me feel curious - Disagree","The project makes me feel curious - Neutral","The project makes me feel curious - Agree","The project makes me feel curious - Strongly Agree","The project is enjoyable - Strongly Disagree","The project is enjoyable - Disagree","The project is enjoyable - Neutral","The project is enjoyable - Agree","The project is enjoyable - Strongly Agree","The project makes me want to explore it further - Strongly Disagree"
4831774991,87980595,07/01/2016 21:43:09,07/01/2016 21:46:35,"192.12.12.237","","","","","2739493548",,,"Often",,,,"Often",,,,"Often",,,,"Often",,,,,"Almost Always",,"Sometimes",,,,"Sometimes",,,,,,,,,"Often",,,"Sometimes",,,"City as ecology of plans",,,,,,,,"<img height=""154"" width=""149"" alt="""" src=""http://tuvalu.santafe.edu/events/workshops/images/3/34/IMG_44081.PNG"" />",,,,,"Agree",,,,,"Agree",,,,"Neutral",,,,,,,"Strongly Agree",,,,"Agree",,,,,"Agree",,,,,"Agree",,,,,"Agree",,,,,"Agree",,"globalization patterns",,,,,,,"<img height=""156"" width=""149"" alt="""" src=""http://tuvalu.santafe.edu/events/workshops/images/4/42/IMG_44089.PNG"" />",,,,,,"Agree",,,,,"Agree",,,,,"Agree",,,,,"Agree",,,,,"Agree",,,,,,,,,,"Agree",,,"Disagree",,,,,,,"Agree",,"circular economy",,,,,,"<img height=""153"" width=""149"" alt="""" src=""http://tuvalu.santafe.edu/events/workshops/images/3/32/IMG_44088.PNG"" />",,,,,,"Neutral",,,,,"Neutral",,,,,"Neutral",,,,,,"Agree",,,,"Neutral",,,,,,"Agree",,,,,"Agree",,,,,,"Strongly Agree",,,,"Agree",,,,,,,,,,,,,,,,,,,,,,,,,,,,,,,,,,,,,,,,,,
4831773764,87980595,07/01/2016 21:41:51,07/01/2016 21:52:58,"192.12.12.238","","","","","2610706512",,,"Often",,,,,"Almost Always",,,,"Almost Always",,,,"Almost Always",,"Sometimes",,,,,"Often",,,,"Often",,,,,"Almost Always",,,,"Almost Always",,,"Often",,"Learning fly",,,,,"<img height=""153"" width=""149"" alt="""" src=""http://tuvalu.santafe.edu/events/workshops/images/9/93/IMG_44087.PNG"" />",,,,,,,"Neutral",,,,,"Neutral",,,,,"Neutral",,,,"Disagree",,,,,"Disagree",,,,,,"Neutral",,,,"Disagree",,,,"Strongly Disagree",,,,,,"Disagree",,,,"Lichen","<img height=""118"" width=""149"" src=""http://tuvalu.santafe.edu/events/workshops/images/9/97/IMG_44083.PNG"" />",,,,,,,,,"Strongly Disagree",,,,,"Strongly Disagree",,,,,"Strongly Disagree",,,,,"Strongly Disagree",,,,,"Strongly Disagree",,,,,"Strongly Disagree",,,,,"Strongly Disagree",,,,,"Strongly Disagree",,,,,"Strongly Disagree",,,,,"Goose migration",,,"<img height=""151"" width=""149"" alt="""" src=""http://tuvalu.santafe.edu/events/workshops/images/d/d8/IMG_44085.PNG"" />",,,,,,,,,,"Agree",,,,,"Agree",,,,,"Agree",,,,,"Agree",,,,,"Agree",,,,,"Agree",,,,,"Agree",,"Strongly Disagree",,,,,,"Disagree",,,,,,,,,,,,,,,,,,,,,,,,,,,,,,,,,,,,,,,,,,,,
4831681581,87980595,07/01/2016 20:34:36,07/01/2016 20:38:07,"192.12.12.236","","","","","5105560904",,,,"Almost Always",,,,"Almost Always",,,,"Almost Always",,,,"Almost Always",,,,"Almost Always",,,"Often",,,,,"Almost Always",,,,"Almost Always",,,"Often",,,"Sometimes",,,"Patterns in Globalization",,,,,,,,,"<img height=""156"" width=""149"" src=""http://tuvalu.santafe.edu/events/workshops/images/5/55/IMG_44082.PNG"" />",,,,,"Strongly Agree",,,,,"Strongly Agree",,,,,"Strongly Agree",,,,,"Strongly Agree",,,,,"Strongly Agree",,,,,"Strongly Agree",,,,"Agree",,"Strongly Disagree",,,,,,,,,"Strongly Agree",,,,,,,,,,,,,,,,,,,,,,,,,,,,,,,,,,,,,,,,,,,,,,,,,,,,,,,,,,,,,,,,,,,,,,,,,,,,,,,,,,,,,,,,,,,,,,,,,,,,,,,,,,,,,,,,,,,,,,,,,,,,,,,,,,,,,,,,,,,,,,,,,,,,,,,
4831670107,87980595,07/01/2016 20:27:11,07/01/2016 20:28:52,"192.12.12.239","","","","","312738111",,,,"Almost Always",,,,"Almost Always",,,,"Almost Always",,,,"Almost Always",,,"Often",,,,"Often",,,,,"Almost Always",,,,"Almost Always",,,,"Almost Always",,,"Often",,"dota",,,,,,,,,"<img height=""156"" width=""149"" src=""http://tuvalu.santafe.edu/events/workshops/images/5/55/IMG_44082.PNG"" />",,,,,"Strongly Agree",,,,,"Strongly Agree",,,,,"Strongly Agree",,,,,"Strongly Agree",,,,,"Strongly Agree",,,,,"Strongly Agree",,,,,"Strongly Agree",,,,,"Strongly Agree",,,,,"Strongly Agree","dota",,,,,,,,,"<img height=""156"" width=""149"" src=""http://tuvalu.santafe.edu/events/workshops/images/5/55/IMG_44082.PNG"" />",,,,,"Strongly Agree",,,,,"Strongly Agree",,,,,"Strongly Agree",,,,,"Strongly Agree",,,,,"Strongly Agree",,,,,"Strongly Agree",,,,,"Strongly Agree",,,,,"Strongly Agree",,,,,"Strongly Agree",,,"<img height=""156"" width=""150"" alt="""" src=""http://tuvalu.santafe.edu/events/workshops/images/8/8e/IMG_44084.PNG"" />",,,,,,,,,,,,,,,,,,,,,,,,,,,,,,,,,,,,,,,,,,,,,,,,,,,,,,,,,,,,,,,,,,,,,,,,,,,,,,,,,,,,,,,,,,,,,
4831669281,87980595,07/01/2016 20:26:40,07/01/2016 20:27:30,"192.12.12.245","","","","","9570246194",,,"Often",,,,,"Almost Always",,,,"Almost Always",,,,"Almost Always",,,,"Almost Always",,"Sometimes",,,,,,"Almost Always",,,"Often",,,,,"Almost Always",,,,"Almost Always",,,,,,,,,,,,,,,,,,,,,,,,,,,,,,,,,,,,,,,,,,,,,,,,,,,,,,,,,,,,,,,,,,,,,,,,,,,,,,,,,,,,,,,,,,,,,,,,,,,,,,,,,,,,,,,,,,,,,,,,,,,,,,,,,,,,,,,,,,,,,,,,,,,,,,,,,,,,,,,,,,,,,,,,,,,,,,,,,,,,,,,,,,,,,,,,,,,,,,,,,,,,,,
4831653994,87980595,07/01/2016 20:16:55,07/01/2016 20:22:20,"192.12.12.247","","","","","397983964",,,"Often",,,,"Often",,,,"Often",,,,"Often",,,,"Often",,,,"Often",,,,"Often",,,,"Often",,,,"Often",,,,"Often",,"Language ABM",,,,,,,,,"<img height=""156"" width=""149"" src=""http://tuvalu.santafe.edu/events/workshops/images/5/55/IMG_44082.PNG"" />",,,,,"Strongly Agree",,,,,"Strongly Agree",,,,,"Strongly Agree",,,,,"Strongly Agree",,,,,"Strongly Agree",,,,,"Strongly Agree",,,,,"Strongly Agree",,,,"Agree",,,,,,"Strongly Agree","Language ABM",,,,,,,,,"<img height=""156"" width=""149"" src=""http://tuvalu.santafe.edu/events/workshops/images/5/55/IMG_44082.PNG"" />",,,,,"Strongly Agree",,,,,"Strongly Agree",,,,,"Strongly Agree",,,,,"Strongly Agree",,,,,"Strongly Agree",,,,,"Strongly Agree",,,,,"Strongly Agree",,,,"Agree",,,,,,"Strongly Agree","Language ABM",,,,,,,,,"<img height=""156"" width=""149"" src=""http://tuvalu.santafe.edu/events/workshops/images/5/55/IMG_44082.PNG"" />",,,,,"Strongly Agree",,,,,"Strongly Agree",,,,,"Strongly Agree",,,,,"Strongly Agree",,,,,"Strongly Agree",,,,,"Strongly Agree",,,,,"Strongly Agree",,,,"Agree",,,,,,"Strongly Agree",,,,,,,,,,,,,,,,,,,,,,,,,,,,,,,,,,,,,,,,,
4831632830,87980595,07/01/2016 20:03:39,07/01/2016 20:07:38,"204.69.190.254","","","","","2925543929",,,,"Almost Always",,,,"Almost Always",,,,"Almost Always",,,,"Almost Always",,,"Often",,,"Sometimes",,,,"Sometimes",,,,,"Often",,,"Sometimes",,,,,"Often",,"Resource curse",,,,,,,,,"<img height=""156"" width=""149"" src=""http://tuvalu.santafe.edu/events/workshops/images/5/55/IMG_44082.PNG"" />",,,,,"Strongly Agree",,,,,"Strongly Agree",,,,,"Strongly Agree",,,,,"Strongly Agree",,,,,"Strongly Agree",,,,,"Strongly Agree",,,,,"Strongly Agree",,"Disagree",,,,,,,"Agree",,"Public policy",,,,,,,,,"<img height=""156"" width=""149"" src=""http://tuvalu.santafe.edu/events/workshops/images/5/55/IMG_44082.PNG"" />",,,,,"Strongly Agree",,,,,"Strongly Agree",,,,,"Strongly Agree",,,,,"Strongly Agree",,,,,"Strongly Agree",,,,,"Strongly Agree",,,,,"Strongly Agree",,,,,"Strongly Agree",,,,,"Strongly Agree",,,,,,,,,,,,,,,,,,,,,,,,,,,,,,,,,,,,,,,,,,,,,,,,,,,,,,,,,,,,,,,,,,,,,,,,,,,,,,,,,,,,,,,,,,,,,,,,
4831593526,87980595,07/01/2016 19:39:56,07/01/2016 19:45:39,"192.12.12.251","","","","","822894807",,,,"Almost Always",,,,"Almost Always",,,,"Almost Always",,,,"Almost Always",,"Sometimes",,,,"Sometimes",,,,"Sometimes",,,,"Sometimes",,,,,,"Almost Always",,,"Often",,"Swidden Agriculture",,,,,,"<img height=""153"" width=""149"" alt="""" src=""http://tuvalu.santafe.edu/events/workshops/images/3/32/IMG_44088.PNG"" />",,,,,,,"Agree",,,,,"Agree",,,,,"Agree",,,,,"Agree",,,,,"Agree",,,,,"Agree",,,,,"Agree",,,,,,"Strongly Agree",,,,,"Strongly Agree","Information flow in a network of coupled oscillators",,,,,,,"<img height=""156"" width=""149"" alt="""" src=""http://tuvalu.santafe.edu/events/workshops/images/4/42/IMG_44089.PNG"" />",,,,,,,"Strongly Agree",,,,"Agree",,,,,,"Strongly Agree",,,,"Agree",,,,,,"Strongly Agree",,,,"Agree",,,,,,"Strongly Agree",,"Disagree",,,,,,,"Agree",,,,,,,,,,,,,,,,,,,,,,,,,,,,,,,,,,,,,,,,,,,,,,,,,,,,,,,,,,,,,,,,,,,,,,,,,,,,,,,,,,,,,,,,,,,,,,,,,
4829775504,87980595,06/30/2016 23:15:12,06/30/2016 23:18:14,"204.69.190.254","","","","","4645542017",,,"Often",,,,"Often",,,,"Often",,,,"Often",,,"Sometimes",,,"Almost Never",,,,,,"Often",,,"Sometimes",,,,"Sometimes",,,,"Sometimes",,,"Mitre DOTA",,,,,,,,"<img height=""154"" width=""149"" alt="""" src=""http://tuvalu.santafe.edu/events/workshops/images/3/34/IMG_44081.PNG"" />",,,,,"Agree",,,,,"Agree",,,,,"Agree",,,,,"Agree",,,,"Neutral",,,,,,"Agree",,,,"Neutral",,,,,"Neutral",,,,,"Neutral",,,"Policy coalitions",,,,,,"<img height=""153"" width=""149"" alt="""" src=""http://tuvalu.santafe.edu/events/workshops/images/3/32/IMG_44088.PNG"" />",,,,,,,"Agree",,,,,"Agree",,,,,"Agree",,,,,"Agree",,,,,"Agree",,,,,"Agree",,,,,"Agree",,,,,"Agree",,,,,"Agree",,,,,,,,,,,,,,,,,,,,,,,,,,,,,,,,,,,,,,,,,,,,,,,,,,,,,,,,,,,,,,,,,,,,,,,,,,,,,,,,,,,,,,,,,,,,,,,,,
4829708974,87980595,06/30/2016 22:20:56,06/30/2016 22:26:45,"204.69.190.254","","","","","3285089913",,,,"Almost Always",,,,"Almost Always",,,,"Almost Always",,,,"Almost Always",,,,"Almost Always",,,"Often",,,,"Often",,,,,"Almost Always",,,,"Almost Always",,,,"Almost Always","Discourse Aaalysis ",,,,,,,,"<img height=""154"" width=""149"" alt="""" src=""http://tuvalu.santafe.edu/events/workshops/images/3/34/IMG_44081.PNG"" />",,,,,,"Strongly Agree",,,,,"Strongly Agree",,,,,"Strongly Agree",,,,,"Strongly Agree",,,,,"Strongly Agree",,,,,"Strongly Agree",,,,,"Strongly Agree",,,,,"Strongly Agree",,,,,"Strongly Agree","Morphogenesis",,,,,,,,"<img height=""154"" width=""149"" alt="""" src=""http://tuvalu.santafe.edu/events/workshops/images/3/34/IMG_44081.PNG"" />",,,,,,"Strongly Agree",,,,,"Strongly Agree",,,,"Agree",,,,,,"Strongly Agree",,,,,"Strongly Agree",,,,,"Strongly Agree",,,,,"Strongly Agree",,,,"Agree",,,,,,"Strongly Agree","Circular economy",,,,,,,,"<img height=""154"" width=""149"" alt="""" src=""http://tuvalu.santafe.edu/events/workshops/images/3/34/IMG_44081.PNG"" />",,,,,,"Strongly Agree",,,,,"Strongly Agree",,,,"Agree",,,,,,"Strongly Agree",,,,,"Strongly Agree",,,,"Agree",,,,,,"Strongly Agree",,,"Neutral",,,,,,,"Strongly Agree","Policy and stuff",,,,,,,,"<img height=""154"" width=""149"" alt="""" src=""http://tuvalu.santafe.edu/events/workshops/images/3/34/IMG_44081.PNG"" />",,,,,"Agree",,,,,,"Strongly Agree",,"Disagree",,,,,,,,"Strongly Agree",,,,,"Strongly Agree",,,,"Agree",,
4829706527,87980595,06/30/2016 22:19:32,06/30/2016 22:21:30,"204.69.190.254","","","","","8178053517",,,,"Almost Always",,,,"Almost Always",,,,"Almost Always",,,,"Almost Always",,,,"Almost Always",,"Sometimes",,,,,"Often",,,,,"Almost Always",,,,"Almost Always",,,,"Almost Always","pollination assembly",,,,,,,,,"<img height=""156"" width=""149"" src=""http://tuvalu.santafe.edu/events/workshops/images/5/55/IMG_44082.PNG"" />",,,,,"Strongly Agree",,,,,"Strongly Agree",,,,,"Strongly Agree",,,,,"Strongly Agree",,,,,"Strongly Agree",,,,,"Strongly Agree",,,,,"Strongly Agree",,,,,"Strongly Agree",,,,,"Strongly Agree",,,,,,,,,,,,,,,,,,,,,,,,,,,,,,,,,,,,,,,,,,,,,,,,,,,,,,,,,,,,,,,,,,,,,,,,,,,,,,,,,,,,,,,,,,,,,,,,,,,,,,,,,,,,,,,,,,,,,,,,,,,,,,,,,,,,,,,,,,,,,,,,,,,,,,,
4829705750,87980595,06/30/2016 22:19:04,06/30/2016 22:21:10,"171.66.19.24","","","","","578155553",,,"Often",,,,,"Almost Always",,,,"Almost Always",,,,"Almost Always",,,,"Almost Always",,"Sometimes",,,,"Sometimes",,,,,"Often",,,,"Often",,,"Sometimes",,,"Movie networks",,,,,,,"<img height=""156"" width=""149"" alt="""" src=""http://tuvalu.santafe.edu/events/workshops/images/4/42/IMG_44089.PNG"" />",,,,,,"Agree",,,,,"Agree",,,,,"Agree",,,,,"Agree",,,,,"Agree",,,,,"Agree",,,,,"Agree",,,,,"Agree",,,,,"Agree",,"Power",,,,,,"<img height=""153"" width=""149"" alt="""" src=""http://tuvalu.santafe.edu/events/workshops/images/3/32/IMG_44088.PNG"" />",,,,,,,"Agree",,,,,"Agree",,,,,"Agree",,,,"Neutral",,,,,,"Agree",,,,,"Agree",,,,"Neutral",,,,"Disagree",,,,,,"Neutral",,,,,,,,,,,,,,,,,,,,,,,,,,,,,,,,,,,,,,,,,,,,,,,,,,,,,,,,,,,,,,,,,,,,,,,,,,,,,,,,,,,,,,,,,,,,,,,,,,
4829703432,87980595,06/30/2016 22:17:26,06/30/2016 22:21:57,"204.69.190.254","","","","","2415566831",,,"Often",,,,"Often",,,,"Often",,,,"Often",,,,,"Almost Always",,,"Often",,,,,"Almost Always",,,"Often",,,,"Often",,,,,"Almost Always","Quantifying Trust",,,,,,,,"<img height=""154"" width=""149"" alt="""" src=""http://tuvalu.santafe.edu/events/workshops/images/3/34/IMG_44081.PNG"" />",,,,,,"Strongly Agree",,,,,"Strongly Agree",,,,,"Strongly Agree",,,,,"Strongly Agree",,,,,"Strongly Agree",,,,,"Strongly Agree",,,,,"Strongly Agree",,,"Neutral",,,,,,,"Strongly Agree",,,,,,,,,,,,,,,,,,,,,,,,,,,,,,,,,,,,,,,,,,,,,,,,,,,,,,,,,,,,,,,,,,,,,,,,,,,,,,,,,,,,,,,,,,,,,,,,,,,,,,,,,,,,,,,,,,,,,,,,,,,,,,,,,,,,,,,,,,,,,,,,,,,,,,,
4829702947,87980595,06/30/2016 22:17:04,06/30/2016 22:20:31,"204.69.190.254","","","","",,,,,"Almost Always",,,,"Almost Always",,,,"Almost Always",,,,"Almost Always",,,,"Almost Always",,,,"Almost Always",,"Sometimes",,,,,"Often",,,,,"Almost Always",,"Sometimes",,,"Modeling the co-evolutionary dynamics of the L. pulmonaria lichen symbiosis",,,,,,,,,"<img height=""156"" width=""149"" src=""http://tuvalu.santafe.edu/events/workshops/images/5/55/IMG_44082.PNG"" />",,,,,"Strongly Agree",,,,,"Strongly Agree",,,,,"Strongly Agree",,,,,"Strongly Agree",,,,,"Strongly Agree",,,,,"Strongly Agree",,,,,"Strongly Agree",,,,,"Strongly Agree",,,,,"Strongly Agree",,,,,,,,,,,,,,,,,,,,,,,,,,,,,,,,,,,,,,,,,,,,,,,,,,,,,,,,,,,,,,,,,,,,,,,,,,,,,,,,,,,,,,,,,,,,,,,,,,,,,,,,,,,,,,,,,,,,,,,,,,,,,,,,,,,,,,,,,,,,,,,,,,,,,,,
4829701328,87980595,06/30/2016 22:16:01,06/30/2016 22:23:17,"204.69.190.254","","","","","612484592",,,,"Almost Always",,,,"Almost Always",,,,"Almost Always",,,,"Almost Always",,,"Often",,,,"Often",,,,,"Almost Always",,,"Often",,,,,"Almost Always",,,,"Almost Always","Patterns in Globalization",,,,,,,"<img height=""156"" width=""149"" alt="""" src=""http://tuvalu.santafe.edu/events/workshops/images/4/42/IMG_44089.PNG"" />",,,,,,,"Strongly Agree",,,,,"Strongly Agree",,,,,"Strongly Agree",,,,,"Strongly Agree",,,,,"Strongly Agree",,,,,"Strongly Agree",,,,,"Strongly Agree","Strongly Disagree",,,,,,,,,"Strongly Agree","Within City Migration in Madrid",,,,,,,"<img height=""156"" width=""149"" alt="""" src=""http://tuvalu.santafe.edu/events/workshops/images/4/42/IMG_44089.PNG"" />",,,,,,,"Strongly Agree",,,,,"Strongly Agree",,,,,"Strongly Agree",,,,,"Strongly Agree",,,,,"Strongly Agree",,,,,"Strongly Agree",,,,,"Strongly Agree","Strongly Disagree",,,,,,,,,"Strongly Agree",,,,,,,,,,,,,,,,,,,,,,,,,,,,,,,,,,,,,,,,,,,,,,,,,,,,,,,,,,,,,,,,,,,,,,,,,,,,,,,,,,,,,,,,,,,,,,,,
4829700375,87980595,06/30/2016 22:15:40,07/01/2016 02:26:12,"204.69.190.254","","","","","3100900662",,,,"Almost Always",,,,"Almost Always",,,,"Almost Always",,,,"Almost Always",,,"Often",,,,"Often",,,"Sometimes",,,,,"Often",,,,,"Almost Always",,,,"Almost Always","Resource Curse",,,"<img height=""151"" width=""149"" alt="""" src=""http://tuvalu.santafe.edu/events/workshops/images/d/d8/IMG_44085.PNG"" />",,,,,,,,,,"Agree",,,,,"Agree",,,"Disagree",,,,,,,"Agree",,,,,"Agree",,,"Disagree",,,,,,,"Agree",,,,,"Agree",,,,,"Agree",,"Japan Scaling",,,,,,,"<img height=""156"" width=""149"" alt="""" src=""http://tuvalu.santafe.edu/events/workshops/images/4/42/IMG_44089.PNG"" />",,,,,,"Agree",,,,,"Agree",,,,,"Agree",,,,,"Agree",,,,,"Agree",,,,,"Agree",,,,"Neutral",,,,,"Neutral",,,,,"Neutral",,,,,,,,,,,,,,,,,,,,,,,,,,,,,,,,,,,,,,,,,,,,,,,,,,,,,,,,,,,,,,,,,,,,,,,,,,,,,,,,,,,,,,,,,,,,,,,,,,
4829699852,87980595,06/30/2016 22:15:21,06/30/2016 22:21:11,"204.69.190.254","","","","","5389041731",,,,"Almost Always",,,"Often",,,,"Often",,,,"Often",,,,,"Almost Always",,"Sometimes",,,,"Sometimes",,,,,"Often",,,,"Often",,,,,"Almost Always","group emergence",,,,,,,"<img height=""156"" width=""149"" alt="""" src=""http://tuvalu.santafe.edu/events/workshops/images/4/42/IMG_44089.PNG"" />",,,,,,"Agree",,,,,"Agree",,,,,"Agree",,,,,"Agree",,,,,"Agree",,,,,"Agree",,,,,"Agree",,,"Disagree",,,,,,,"Agree",,"Lichen project",,,,,,,,"<img height=""154"" width=""149"" alt="""" src=""http://tuvalu.santafe.edu/events/workshops/images/3/34/IMG_44081.PNG"" />",,,,,"Agree",,,,,"Agree",,,,,"Agree",,,,,"Agree",,,,,"Agree",,,,,"Agree",,,,,"Agree",,,,"Neutral",,,,,,,"Strongly Agree","trieste",,,,,,,,,"<img height=""156"" width=""149"" src=""http://tuvalu.santafe.edu/events/workshops/images/5/55/IMG_44082.PNG"" />",,,,,"Strongly Agree",,,,,"Strongly Agree",,,,,"Strongly Agree",,,,,"Strongly Agree",,,,,"Strongly Agree",,,,,"Strongly Agree",,,,,"Strongly Agree",,,,,"Strongly Agree",,,,,"Strongly Agree",,,,,,,,,,,,,,,,,,,,,,,,,,,,,,,,,,,,,,,,,
4829699834,87980595,06/30/2016 22:15:12,06/30/2016 22:19:30,"204.69.190.254","","","","","2150508239",,,"Often",,,,"Often",,,,,"Almost Always",,,,"Almost Always",,,"Often",,,"Sometimes",,,,,,"Almost Always",,,"Often",,,,"Often",,,,"Often",,"A genetic model of music evolution",,,,,,,"<img height=""156"" width=""149"" alt="""" src=""http://tuvalu.santafe.edu/events/workshops/images/4/42/IMG_44089.PNG"" />",,,,,,"Agree",,,,,"Agree",,,,,"Agree",,,,,"Agree",,,,,"Agree",,,,,"Agree",,,,,"Agree",,,,"Neutral",,,,,,"Agree",,"Early Warning Signals in a Disease Network",,,,,,,"<img height=""156"" width=""149"" alt="""" src=""http://tuvalu.santafe.edu/events/workshops/images/4/42/IMG_44089.PNG"" />",,,,,,"Agree",,,,,"Agree",,,,,"Agree",,,,,"Agree",,,,,"Agree",,,,,"Agree",,,,,"Agree",,,,,,"Strongly Agree",,,,"Agree",,"Modeling within-city residential migration",,,,,,,,"<img height=""154"" width=""149"" alt="""" src=""http://tuvalu.santafe.edu/events/workshops/images/3/34/IMG_44081.PNG"" />",,,,,"Agree",,,,,"Agree",,,,,"Agree",,,,,"Agree",,,,,"Agree",,,,,"Agree",,,,,"Agree",,,,,,"Strongly Agree",,,,"Agree",,,,,,,,,,,,,,,,,,,,,,,,,,,,,,,,,,,,,,,,,,
4829699777,87980595,06/30/2016 22:15:16,06/30/2016 22:18:34,"204.69.190.254","","","","","209378759",,,"Often",,,,,"Almost Always",,,,"Almost Always",,,,"Almost Always",,,"Often",,,,"Often",,,,,"Almost Always",,,"Often",,,,"Often",,,,"Often",,"City Migration",,,,,,,,"<img height=""154"" width=""149"" alt="""" src=""http://tuvalu.santafe.edu/events/workshops/images/3/34/IMG_44081.PNG"" />",,,,,"Agree",,,,,,"Strongly Agree",,,,,"Strongly Agree",,,,"Agree",,,,,"Agree",,,,,"Agree",,,,,"Agree",,,"Disagree",,,,,,,"Agree",,"Movies",,,,,,,"<img height=""156"" width=""149"" alt="""" src=""http://tuvalu.santafe.edu/events/workshops/images/4/42/IMG_44089.PNG"" />",,,,,,"Agree",,,,,,"Strongly Agree",,,,"Agree",,,,,,"Strongly Agree",,,,"Agree",,,,,,"Strongly Agree",,,,"Agree",,,"Disagree",,,,,,,"Agree",,,,,,,,,,,,,,,,,,,,,,,,,,,,,,,,,,,,,,,,,,,,,,,,,,,,,,,,,,,,,,,,,,,,,,,,,,,,,,,,,,,,,,,,,,,,,,,,,
4829699660,87980595,06/30/2016 22:15:11,06/30/2016 22:19:24,"204.69.190.254","","","","","512143875",,,"Often",,,,"Often",,,,,"Almost Always",,,"Often",,,,"Often",,,"Sometimes",,,,"Sometimes",,,,,"Often",,,,,"Almost Always",,,"Often",,"City Mobility",,,,,,,,,"<img height=""156"" width=""149"" src=""http://tuvalu.santafe.edu/events/workshops/images/5/55/IMG_44082.PNG"" />",,,,"Agree",,,,,"Agree",,,,,"Agree",,,,,,"Strongly Agree",,,,,"Strongly Agree",,,,,"Strongly Agree",,,,,"Strongly Agree",,,"Neutral",,,,,,,"Strongly Agree","Resource Curse",,,,,,"<img height=""153"" width=""149"" alt="""" src=""http://tuvalu.santafe.edu/events/workshops/images/3/32/IMG_44088.PNG"" />",,,,,,,,"Strongly Agree",,,,,"Strongly Agree",,,"Neutral",,,,,,"Agree",,,,,,"Strongly Agree",,,"Neutral",,,,,,,"Strongly Agree",,,"Neutral",,,,,,,"Strongly Agree",,,,,,,,,,,,,,,,,,,,,,,,,,,,,,,,,,,,,,,,,,,,,,,,,,,,,,,,,,,,,,,,,,,,,,,,,,,,,,,,,,,,,,,,,,,,,,,,
4829699654,87980595,06/30/2016 22:15:13,06/30/2016 22:19:04,"204.69.190.254","","","","","5323775879",,,,"Almost Always",,,,"Almost Always",,,,"Almost Always",,,,"Almost Always",,,"Often",,,,,"Almost Always",,,,"Almost Always",,,,"Almost Always",,,,"Almost Always",,,"Often",,"Patterns in globalisation",,,,,,,,"<img height=""154"" width=""149"" alt="""" src=""http://tuvalu.santafe.edu/events/workshops/images/3/34/IMG_44081.PNG"" />",,,,,"Agree",,,,,,"Strongly Agree",,,,,"Strongly Agree",,,,,"Strongly Agree",,,,"Agree",,,,,"Agree",,,,,"Agree",,"Strongly Disagree",,,,,,,,,"Strongly Agree","Chaos motifs in coupled chemical reaction networks",,,,,,"<img height=""153"" width=""149"" alt="""" src=""http://tuvalu.santafe.edu/events/workshops/images/3/32/IMG_44088.PNG"" />",,,,,,,,"Strongly Agree",,,,,"Strongly Agree",,,,"Agree",,,,,,"Strongly Agree",,,,,"Strongly Agree",,,,,"Strongly Agree",,,,,"Strongly Agree",,,,"Agree",,,,,,"Strongly Agree",,,,,,,,,,,,,,,,,,,,,,,,,,,,,,,,,,,,,,,,,,,,,,,,,,,,,,,,,,,,,,,,,,,,,,,,,,,,,,,,,,,,,,,,,,,,,,,,
4829699508,87980595,06/30/2016 22:15:06,06/30/2016 22:20:18,"204.69.190.254","","","","","3126741664",,,,"Almost Always",,,,"Almost Always",,,,"Almost Always",,,,"Almost Always",,,,"Almost Always",,,,"Almost Always",,,"Often",,,,"Often",,,,,"Almost Always",,,"Often",,"Speech Complexity",,,,,,"<img height=""153"" width=""149"" alt="""" src=""http://tuvalu.santafe.edu/events/workshops/images/3/32/IMG_44088.PNG"" />",,,,,,"Neutral",,,,,,"Agree",,,,"Neutral",,,,"Disagree",,,,,,"Neutral",,,,,"Neutral",,,,,"Neutral",,,,,,"Agree",,,,"Neutral",,,"Materials in Japan",,,,,,,"<img height=""156"" width=""149"" alt="""" src=""http://tuvalu.santafe.edu/events/workshops/images/4/42/IMG_44089.PNG"" />",,,,,,"Agree",,,,,"Agree",,,,"Neutral",,,,,"Neutral",,,,,,"Agree",,,,,"Agree",,,,"Neutral",,,,"Disagree",,,,,,"Neutral",,,,,,,,,,,,,,,,,,,,,,,,,,,,,,,,,,,,,,,,,,,,,,,,,,,,,,,,,,,,,,,,,,,,,,,,,,,,,,,,,,,,,,,,,,,,,,,,,,
4829699450,87980595,06/30/2016 22:15:04,06/30/2016 22:19:09,"204.69.190.254","","","","","1793831433",,,"Often",,,,,"Almost Always",,,,"Almost Always",,"Sometimes",,,,,"Often",,,,"Often",,,"Sometimes",,,"Almost Never",,,,,"Sometimes",,,"Almost Never",,,,"Complexity in fruit fly learning behavior",,,,,,,,"<img height=""154"" width=""149"" alt="""" src=""http://tuvalu.santafe.edu/events/workshops/images/3/34/IMG_44081.PNG"" />",,,,,,"Strongly Agree",,,,"Agree",,,,,,"Strongly Agree",,,,,"Strongly Agree",,,,,"Strongly Agree",,,,,"Strongly Agree",,,,"Agree",,"Strongly Disagree",,,,,,,,"Agree",,"Early Warning Signals in a Disease Network",,,,,,"<img height=""153"" width=""149"" alt="""" src=""http://tuvalu.santafe.edu/events/workshops/images/3/32/IMG_44088.PNG"" />",,,,,,,,"Strongly Agree",,,,,"Strongly Agree",,,,"Agree",,,,"Neutral",,,,,,"Agree",,,,,"Agree",,,,"Neutral",,,,,"Neutral",,,,,,"Agree",,,,,,,,,,,,,,,,,,,,,,,,,,,,,,,,,,,,,,,,,,,,,,,,,,,,,,,,,,,,,,,,,,,,,,,,,,,,,,,,,,,,,,,,,,,,,,,,,
4829699374,87980595,06/30/2016 22:15:01,06/30/2016 22:19:00,"204.69.190.254","","","","","8575754471",,,,"Almost Always",,,,"Almost Always",,,,"Almost Always",,,,"Almost Always",,,,"Almost Always",,,"Often",,,,"Often",,,,"Often",,,,,"Almost Always",,,"Often",,"Lichen project",,,,,,,"<img height=""156"" width=""149"" alt="""" src=""http://tuvalu.santafe.edu/events/workshops/images/4/42/IMG_44089.PNG"" />",,,,,,"Agree",,,,,,"Strongly Agree",,,,"Agree",,,,,,"Strongly Agree",,,,,"Strongly Agree",,,,"Agree",,,,,"Agree",,,,"Neutral",,,,,,,"Strongly Agree","DOTA2",,,,,,,,"<img height=""154"" width=""149"" alt="""" src=""http://tuvalu.santafe.edu/events/workshops/images/3/34/IMG_44081.PNG"" />",,,,,,"Strongly Agree",,,,,"Strongly Agree",,,,"Agree",,,,,,"Strongly Agree",,,,,"Strongly Agree",,,,"Agree",,,,,"Agree",,"Strongly Disagree",,,,,,,,,"Strongly Agree",,,,,,,,,,,,,,,,,,,,,,,,,,,,,,,,,,,,,,,,,,,,,,,,,,,,,,,,,,,,,,,,,,,,,,,,,,,,,,,,,,,,,,,,,,,,,,,,
4829699356,87980595,06/30/2016 22:14:56,06/30/2016 22:16:38,"204.69.190.254","","","","","922799418",,,,"Almost Always",,,,"Almost Always",,,,"Almost Always",,,,"Almost Always",,,,"Almost Always",,,,"Almost Always",,,"Often",,,,,"Almost Always",,,,"Almost Always",,,,"Almost Always","City Migration",,,,,,,,,"<img height=""156"" width=""149"" src=""http://tuvalu.santafe.edu/events/workshops/images/5/55/IMG_44082.PNG"" />",,,,"Agree",,,,,"Agree",,,,,,"Strongly Agree",,,,,"Strongly Agree",,,,"Agree",,,,,"Agree",,,,,"Agree",,,,,,"Strongly Agree",,,,,"Strongly Agree","Disease Regime Shifts",,,,,"<img height=""153"" width=""149"" alt="""" src=""http://tuvalu.santafe.edu/events/workshops/images/9/93/IMG_44087.PNG"" />",,,,,,,"Neutral",,,,,"Neutral",,,,,,"Agree",,,,"Neutral",,,,,,"Agree",,,,"Neutral",,,,,"Neutral",,,,,,,"Strongly Agree",,,"Neutral",,,,,,,,,,,,,,,,,,,,,,,,,,,,,,,,,,,,,,,,,,,,,,,,,,,,,,,,,,,,,,,,,,,,,,,,,,,,,,,,,,,,,,,,,,,,,,,,,,
4829699237,87980595,06/30/2016 22:14:57,06/30/2016 22:17:54,"204.69.190.254","","","","","2316958",,,,"Almost Always",,,,"Almost Always",,,,"Almost Always",,,,"Almost Always",,,,"Almost Always",,,,"Almost Always",,,,"Almost Always",,,,"Almost Always",,,,"Almost Always",,,,"Almost Always","Movie networks",,,,,,,"<img height=""156"" width=""149"" alt="""" src=""http://tuvalu.santafe.edu/events/workshops/images/4/42/IMG_44089.PNG"" />",,,,,,,"Strongly Agree",,,,,"Strongly Agree",,,,,"Strongly Agree",,,,,"Strongly Agree",,,,,"Strongly Agree",,,,,"Strongly Agree",,,,,"Strongly Agree",,,"Neutral",,,,,,,"Strongly Agree","powergrid networks",,,,,,"<img height=""153"" width=""149"" alt="""" src=""http://tuvalu.santafe.edu/events/workshops/images/3/32/IMG_44088.PNG"" />",,,,,,,,"Strongly Agree",,,,,"Strongly Agree",,,,"Agree",,,,,,"Strongly Agree",,,,,"Strongly Agree",,,"Neutral",,,,,,"Agree",,,,"Neutral",,,,,,"Agree",,,,,,,,,,,,,,,,,,,,,,,,,,,,,,,,,,,,,,,,,,,,,,,,,,,,,,,,,,,,,,,,,,,,,,,,,,,,,,,,,,,,,,,,,,,,,,,,,
4829698863,87980595,06/30/2016 22:14:40,06/30/2016 22:17:56,"204.69.190.254","","","","","7157124191",,,,"Almost Always",,,,"Almost Always",,,,"Almost Always",,,,"Almost Always",,,,"Almost Always",,"Sometimes",,,,"Sometimes",,,,"Sometimes",,,,,"Often",,,"Sometimes",,,"Temporal social networks (and dialogues) in film",,,,,,,"<img height=""156"" width=""149"" alt="""" src=""http://tuvalu.santafe.edu/events/workshops/images/4/42/IMG_44089.PNG"" />",,,,,,,"Strongly Agree",,,,,"Strongly Agree",,,,,"Strongly Agree",,,,"Agree",,,,,"Agree",,,,,,"Strongly Agree",,,,"Agree",,,,,"Agree",,,,,"Agree",,,,,,,,,,,,,,,,,,,,,,,,,,,,,,,,,,,,,,,,,,,,,,,,,,,,,,,,,,,,,,,,,,,,,,,,,,,,,,,,,,,,,,,,,,,,,,,,,,,,,,,,,,,,,,,,,,,,,,,,,,,,,,,,,,,,,,,,,,,,,,,,,,,,,,,,
4829698816,87980595,06/30/2016 22:14:40,06/30/2016 22:18:05,"204.69.190.254","","","","","1866759229",,,,"Almost Always",,,,"Almost Always",,,,"Almost Always",,,,"Almost Always",,,,"Almost Always",,,"Often",,,,,"Almost Always",,,,"Almost Always",,,,"Almost Always",,,,"Almost Always","Globalization",,,,,,,,"<img height=""154"" width=""149"" alt="""" src=""http://tuvalu.santafe.edu/events/workshops/images/3/34/IMG_44081.PNG"" />",,,,,"Agree",,,,,"Agree",,,,,"Agree",,,,,"Agree",,,,,"Agree",,,,,"Agree",,,,,"Agree",,,,"Neutral",,,,,,"Agree",,"Migration",,,,"<img height=""154"" width=""149"" alt="""" src=""http://tuvalu.santafe.edu/events/workshops/images/4/42/IMG_44086.PNG"" />",,,,,,,,"Neutral",,,,,"Neutral",,,,,"Neutral",,,,,"Neutral",,,,,"Neutral",,,,,"Neutral",,,,,,"Agree",,,,,,"Strongly Agree",,,"Neutral",,,"Circular economy",,,,,,"<img height=""153"" width=""149"" alt="""" src=""http://tuvalu.santafe.edu/events/workshops/images/3/32/IMG_44088.PNG"" />",,,,,,,"Agree",,,,,"Agree",,,,,"Agree",,,,,"Agree",,,,,"Agree",,,,,"Agree",,,,,"Agree",,,,,"Agree",,,,,"Agree",,,,,,,,,,,,,,,,,,,,,,,,,,,,,,,,,,,,,,,,,,
4829698651,87980595,06/30/2016 22:14:36,06/30/2016 22:18:24,"204.69.190.254","","","","","4846055121",,,"Often",,,,"Often",,,"Sometimes",,,,,"Often",,,,"Often",,,,,"Almost Always","Almost Never",,,,,,"Often",,,,"Often",,,,"Often",," Temporal social networks (and dialogues) in film",,,,,,,,"<img height=""154"" width=""149"" alt="""" src=""http://tuvalu.santafe.edu/events/workshops/images/3/34/IMG_44081.PNG"" />",,,,,"Agree",,,,,"Agree",,,,,"Agree",,,,,"Agree",,,,"Neutral",,,,,,"Agree",,,,,"Agree",,,"Disagree",,,,,,"Neutral",,," Emergence of power structures in networks",,,,,"<img height=""153"" width=""149"" alt="""" src=""http://tuvalu.santafe.edu/events/workshops/images/9/93/IMG_44087.PNG"" />",,,,,,,,"Agree",,,,,"Agree",,,"Disagree",,,,,"Disagree",,,,,,"Neutral",,,,"Disagree",,,,,"Disagree",,,,,,,"Agree",,,,"Neutral",,,,,,,,,,,,,,,,,,,,,,,,,,,,,,,,,,,,,,,,,,,,,,,,,,,,,,,,,,,,,,,,,,,,,,,,,,,,,,,,,,,,,,,,,,,,,,,,,,
4829698594,87980595,06/30/2016 22:14:25,06/30/2016 22:17:40,"204.69.190.254","","","","","4645542017",,,,"Almost Always",,,,"Almost Always",,,,"Almost Always",,,,"Almost Always",,"Sometimes",,,,,"Often",,,,,"Almost Always",,,,"Almost Always",,,,"Almost Always",,,,"Almost Always","Semantic Word Game",,,,,,,,"<img height=""154"" width=""149"" alt="""" src=""http://tuvalu.santafe.edu/events/workshops/images/3/34/IMG_44081.PNG"" />",,,,,"Agree",,,,,"Agree",,,,,"Agree",,,,,"Agree",,,,"Neutral",,,,,,,"Strongly Agree",,,,"Agree",,,"Disagree",,,,,,,,"Strongly Agree","Inferring the Structure of a Network",,,,,,"<img height=""153"" width=""149"" alt="""" src=""http://tuvalu.santafe.edu/events/workshops/images/3/32/IMG_44088.PNG"" />",,,,,,,,"Strongly Agree",,,,,"Strongly Agree",,,"Neutral",,,,,,,"Strongly Agree",,,,"Agree",,,,"Neutral",,,,,,,"Strongly Agree",,"Disagree",,,,,,,,"Strongly Agree",,,,,,,,,,,,,,,,,,,,,,,,,,,,,,,,,,,,,,,,,,,,,,,,,,,,,,,,,,,,,,,,,,,,,,,,,,,,,,,,,,,,,,,,,,,,,,,,
4829698453,87980595,06/30/2016 22:14:09,06/30/2016 22:20:13,"204.69.190.254","","","","","551697731",,,,"Almost Always",,,,"Almost Always",,,,"Almost Always",,,,"Almost Always",,,,"Almost Always",,,"Often",,,"Sometimes",,,,"Sometimes",,,,,"Often",,,"Sometimes",,,"Circular Economy",,,,,,,,,"<img height=""156"" width=""149"" src=""http://tuvalu.santafe.edu/events/workshops/images/5/55/IMG_44082.PNG"" />",,,,"Agree",,,,,"Agree",,,,"Neutral",,,,,,,"Strongly Agree",,,,"Agree",,,,,"Agree",,,,,,"Strongly Agree",,,"Neutral",,,,,,,"Strongly Agree","Language ABM",,,,,,,"<img height=""156"" width=""149"" alt="""" src=""http://tuvalu.santafe.edu/events/workshops/images/4/42/IMG_44089.PNG"" />",,,,,,"Agree",,,,,"Agree",,,,"Neutral",,,,,,"Agree",,,,,"Agree",,,,,"Agree",,,,,"Agree",,,,"Neutral",,,,,,"Agree",,"Film Mining",,,,,,,"<img height=""156"" width=""149"" alt="""" src=""http://tuvalu.santafe.edu/events/workshops/images/4/42/IMG_44089.PNG"" />",,,,,,"Agree",,,,,"Agree",,,,,,"Strongly Agree",,,,"Agree",,,,,"Agree",,,,,"Agree",,,,"Neutral",,,,"Disagree",,,,,,"Neutral",,,"Morphogenesis",,,,,,,,,"<img height=""156"" width=""149"" src=""http://tuvalu.santafe.edu/events/workshops/images/5/55/IMG_44082.PNG"" />",,,,,"Strongly Agree",,,,,"Strongly Agree",,,"Neutral",,,,,,,"Strongly Agree",,,,,"Strongly Agree",,,"Neutral",,,
4829698391,87980595,06/30/2016 22:14:23,06/30/2016 22:17:57,"204.69.190.254","","","","","9794183101",,,,"Almost Always",,,,"Almost Always",,,,"Almost Always",,,,"Almost Always",,,"Often",,,,,"Almost Always",,,"Often",,,,"Often",,,,,"Almost Always",,,,"Almost Always","Patterns in Globalization",,,,,,,,,"<img height=""156"" width=""149"" src=""http://tuvalu.santafe.edu/events/workshops/images/5/55/IMG_44082.PNG"" />",,,,,"Strongly Agree",,,,,"Strongly Agree",,,,,"Strongly Agree",,,,,"Strongly Agree",,,,,"Strongly Agree",,,,,"Strongly Agree",,,,,"Strongly Agree",,,,,"Strongly Agree",,,,,"Strongly Agree",,,,,,,,,,,,,,,,,,,,,,,,,,,,,,,,,,,,,,,,,,,,,,,,,,,,,,,,,,,,,,,,,,,,,,,,,,,,,,,,,,,,,,,,,,,,,,,,,,,,,,,,,,,,,,,,,,,,,,,,,,,,,,,,,,,,,,,,,,,,,,,,,,,,,,,
4829698348,87980595,06/30/2016 22:14:21,06/30/2016 22:17:31,"204.69.190.254","","","","","984129298",,,,"Almost Always",,,,"Almost Always",,,,"Almost Always",,,,"Almost Always",,,,"Almost Always",,,,"Almost Always",,,,"Almost Always",,,"Often",,,,,"Almost Always",,,"Often",,"Emergence of Power",,,,,,,,,"<img height=""156"" width=""149"" src=""http://tuvalu.santafe.edu/events/workshops/images/5/55/IMG_44082.PNG"" />",,,,"Agree",,,,,,"Strongly Agree",,,,,"Strongly Agree",,,,,"Strongly Agree",,,,"Agree",,,,,,"Strongly Agree",,,,,"Strongly Agree",,,,,"Strongly Agree",,,,,"Strongly Agree",,,,,,,,,,,,,,,,,,,,,,,,,,,,,,,,,,,,,,,,,,,,,,,,,,,,,,,,,,,,,,,,,,,,,,,,,,,,,,,,,,,,,,,,,,,,,,,,,,,,,,,,,,,,,,,,,,,,,,,,,,,,,,,,,,,,,,,,,,,,,,,,,,,,,,,
4829698279,87980595,06/30/2016 22:14:23,06/30/2016 22:16:49,"204.69.190.254","","","","","5668598697",,,,"Almost Always",,,,"Almost Always",,,,"Almost Always",,,,"Almost Always",,,,"Almost Always",,,,"Almost Always",,,,"Almost Always",,,,"Almost Always",,,,"Almost Always",,,,"Almost Always","oscillations",,,,,,"<img height=""153"" width=""149"" alt="""" src=""http://tuvalu.santafe.edu/events/workshops/images/3/32/IMG_44088.PNG"" />",,,,,,,"Agree",,,,,"Agree",,,,"Neutral",,,,,,,"Strongly Agree",,,,"Agree",,,,,"Agree",,,,,"Agree",,,,,"Agree",,,,,,"Strongly Agree","language evolution",,,,,,,,,"<img height=""156"" width=""149"" src=""http://tuvalu.santafe.edu/events/workshops/images/5/55/IMG_44082.PNG"" />",,,,,"Strongly Agree",,,,,"Strongly Agree",,,,,"Strongly Agree",,,,,"Strongly Agree",,,,,"Strongly Agree",,,,,"Strongly Agree",,,,,"Strongly Agree",,,,,"Strongly Agree",,,,,"Strongly Agree",,,,,,,,,,,,,,,,,,,,,,,,,,,,,,,,,,,,,,,,,,,,,,,,,,,,,,,,,,,,,,,,,,,,,,,,,,,,,,,,,,,,,,,,,,,,,,,,
4829697983,87980595,06/30/2016 22:14:12,06/30/2016 22:18:23,"169.237.45.33","","","","","103670615",,,"Often",,,,"Often",,,,,"Almost Always",,,,"Almost Always",,,,"Almost Always",,"Sometimes",,,,"Sometimes",,,,,"Often",,,,,"Almost Always",,,,"Almost Always","Emergence of Power Structures in Networks",,,,,,,,,"<img height=""156"" width=""149"" src=""http://tuvalu.santafe.edu/events/workshops/images/5/55/IMG_44082.PNG"" />",,,,"Agree",,,,,"Agree",,,,,"Agree",,,,,,"Strongly Agree",,,,"Agree",,,,,,"Strongly Agree",,,,"Agree",,,,,,"Strongly Agree",,,,,"Strongly Agree","Complexity in Fruit Fly Learning Behavior",,,,,,"<img height=""153"" width=""149"" alt="""" src=""http://tuvalu.santafe.edu/events/workshops/images/3/32/IMG_44088.PNG"" />",,,,,,,"Agree",,,,,"Agree",,,,"Neutral",,,,"Disagree",,,,,"Disagree",,,,,,"Neutral",,,,"Disagree",,,,,,,,"Strongly Agree",,"Disagree",,,,"Complexity in Speech Patterns",,,,,,,"<img height=""156"" width=""149"" alt="""" src=""http://tuvalu.santafe.edu/events/workshops/images/4/42/IMG_44089.PNG"" />",,,,,,,"Strongly Agree",,,,,"Strongly Agree",,,"Neutral",,,,,,,"Strongly Agree",,,,,"Strongly Agree",,,,"Agree",,,,,,"Strongly Agree",,,"Neutral",,,,,,,"Strongly Agree",,,,,,,,,,,,,,,,,,,,,,,,,,,,,,,,,,,,,,,,,
4829599473,87980595,06/30/2016 21:19:37,06/30/2016 21:23:07,"204.69.190.254","","","","","2682819861",,,"Often",,,,"Often",,,,"Often",,,"Sometimes",,,,,"Often",,"Almost Never",,,,,,,"Almost Always",,,,"Almost Always",,,"Often",,,,"Often",,"Semantic word game",,,,,,"<img height=""153"" width=""149"" alt="""" src=""http://tuvalu.santafe.edu/events/workshops/images/3/32/IMG_44088.PNG"" />",,,,,,,"Agree",,,,,"Agree",,,,,"Agree",,,,,,"Strongly Agree",,,"Neutral",,,,,,"Agree",,,,"Neutral",,,,"Disagree",,,,,,,,"Strongly Agree","Early Warning Signs in Disease Network",,,,,,"<img height=""153"" width=""149"" alt="""" src=""http://tuvalu.santafe.edu/events/workshops/images/3/32/IMG_44088.PNG"" />",,,,,,,"Agree",,,,,"Agree",,,,,"Agree",,,,,,"Strongly Agree",,,,"Agree",,,,,"Agree",,,,,"Agree",,,,,"Agree",,,,,,"Strongly Agree",,,,,,,,,,,,,,,,,,,,,,,,,,,,,,,,,,,,,,,,,,,,,,,,,,,,,,,,,,,,,,,,,,,,,,,,,,,,,,,,,,,,,,,,,,,,,,,,
4829506093,87980595,06/30/2016 20:35:49,06/30/2016 22:16:19,"204.69.190.254","","","","","6194092711",,,,"Almost Always",,,,"Almost Always",,,,"Almost Always",,,,"Almost Always",,,,"Almost Always",,,,"Almost Always",,,,"Almost Always",,,,"Almost Always",,,,"Almost Always",,,,"Almost Always","Power",,,,,,,,,"<img height=""156"" width=""149"" src=""http://tuvalu.santafe.edu/events/workshops/images/5/55/IMG_44082.PNG"" />",,,,"Agree",,,,,"Agree",,,,,"Agree",,,,,"Agree",,,,,"Agree",,,,,"Agree",,,,,"Agree",,,,,"Agree",,,,,"Agree",,"Agriculture",,,,,,"<img height=""153"" width=""149"" alt="""" src=""http://tuvalu.santafe.edu/events/workshops/images/3/32/IMG_44088.PNG"" />",,,,,,,"Agree",,,,,"Agree",,,,,"Agree",,,,,"Agree",,,,,"Agree",,,,,"Agree",,,,,"Agree",,,,,"Agree",,,,,"Agree",,,,,,,,,,,,,,,,,,,,,,,,,,,,,,,,,,,,,,,,,,,,,,,,,,,,,,,,,,,,,,,,,,,,,,,,,,,,,,,,,,,,,,,,,,,,,,,,,
4829459806,87980595,06/30/2016 20:15:45,06/30/2016 20:19:25,"204.69.190.254","","","","","2316322122",,,"Often",,,,"Often",,,,,"Almost Always",,,"Often",,,"Sometimes",,,,"Sometimes",,,,,"Often",,,,"Often",,,"Sometimes",,,,,,"Almost Always","Ostrich Disease Project",,,,,,,"<img height=""156"" width=""149"" alt="""" src=""http://tuvalu.santafe.edu/events/workshops/images/4/42/IMG_44089.PNG"" />",,,,,,"Agree",,,,,"Agree",,,,,"Agree",,,,,,"Strongly Agree",,,,"Agree",,,,,"Agree",,,,,"Agree",,,,"Neutral",,,,,,,"Strongly Agree","Circular Economy",,,,,,,,"<img height=""154"" width=""149"" alt="""" src=""http://tuvalu.santafe.edu/events/workshops/images/3/34/IMG_44081.PNG"" />",,,,,"Agree",,,,,"Agree",,,,,"Agree",,,,,,"Strongly Agree",,,,,"Strongly Agree",,,,,"Strongly Agree",,,,,"Strongly Agree",,"Disagree",,,,,,,,"Strongly Agree",,,,,,,,,,,,,,,,,,,,,,,,,,,,,,,,,,,,,,,,,,,,,,,,,,,,,,,,,,,,,,,,,,,,,,,,,,,,,,,,,,,,,,,,,,,,,,,,
4829449355,87980595,06/30/2016 20:11:15,06/30/2016 20:14:12,"204.69.190.254","","","","","3360959469",,,"Often",,,"Sometimes",,,,,,"Almost Always",,,,,,,,"Almost Always",,,"Often",,,,,"Almost Always",,,"Often",,,,"Often",,,"Sometimes",,,"Music Evolution",,,,,,,"<img height=""156"" width=""149"" alt="""" src=""http://tuvalu.santafe.edu/events/workshops/images/4/42/IMG_44089.PNG"" />",,,,,,"Agree",,,,"Neutral",,,,,,"Agree",,,,,"Agree",,,,"Neutral",,,,,,,,,,,"Agree",,"Strongly Disagree",,,,,,,,"Agree",,,,,,,,,,,,,,,,,,,,,,,,,,,,,,,,,,,,,,,,,,,,,,,,,,,,,,,,,,,,,,,,,,,,,,,,,,,,,,,,,,,,,,,,,,,,,,,,,,,,,,,,,,,,,,,,,,,,,,,,,,,,,,,,,,,,,,,,,,,,,,,,,,,,,,,,
4829353399,87980595,06/30/2016 19:31:25,06/30/2016 19:35:51,"204.69.190.254","","","","","1691769355",,,"Often",,,,,"Almost Always",,,"Often",,,,"Often",,,,"Often",,,,,"Almost Always",,"Sometimes",,,,"Sometimes",,,,,,"Almost Always",,"Sometimes",,,"Trust",,,,,,,"<img height=""156"" width=""149"" alt="""" src=""http://tuvalu.santafe.edu/events/workshops/images/4/42/IMG_44089.PNG"" />",,,,,,"Agree",,,,,"Agree",,,,,"Agree",,,,"Neutral",,,,,,"Agree",,,,,"Agree",,,,"Neutral",,,,,"Neutral",,,,,"Neutral",,,,,,,,,,,,,,,,,,,,,,,,,,,,,,,,,,,,,,,,,,,,,,,,,,,,,,,,,,,,,,,,,,,,,,,,,,,,,,,,,,,,,,,,,,,,,,,,,,,,,,,,,,,,,,,,,,,,,,,,,,,,,,,,,,,,,,,,,,,,,,,,,,,,,,,,,
4829290241,87980595,06/30/2016 19:05:27,06/30/2016 19:08:06,"204.69.190.254","","","","","8012101779",,,,"Almost Always",,,,"Almost Always",,,,"Almost Always",,,,"Almost Always",,,,"Almost Always",,,,"Almost Always",,,"Often",,,,"Often",,,,,"Almost Always",,,,"Almost Always","Resource Curse",,,,,,"<img height=""153"" width=""149"" alt="""" src=""http://tuvalu.santafe.edu/events/workshops/images/3/32/IMG_44088.PNG"" />",,,,,,,"Agree",,,,,"Agree",,,,,"Agree",,,,,"Agree",,,,,"Agree",,,,"Neutral",,,,,,"Agree",,,,,"Agree",,,,,"Agree",,"Inferring Network Structure: power grid",,,,,,,,"<img height=""154"" width=""149"" alt="""" src=""http://tuvalu.santafe.edu/events/workshops/images/3/34/IMG_44081.PNG"" />",,,,,,"Strongly Agree",,,,,"Strongly Agree",,,,,"Strongly Agree",,,,,"Strongly Agree",,,,,"Strongly Agree",,,,,"Strongly Agree",,,,,"Strongly Agree",,,,,"Strongly Agree",,,,,"Strongly Agree",,,,,,,,,,,,,,,,,,,,,,,,,,,,,,,,,,,,,,,,,,,,,,,,,,,,,,,,,,,,,,,,,,,,,,,,,,,,,,,,,,,,,,,,,,,,,,,,
4829247138,87980595,06/30/2016 18:48:27,07/01/2016 20:05:51,"204.69.190.254","","","","","6192121152",,,,"Almost Always",,,,"Almost Always",,,,"Almost Always",,,,"Almost Always",,,,"Almost Always",,,,"Almost Always",,,,"Almost Always",,,,"Almost Always",,,,"Almost Always",,,,"Almost Always","Lichen's",,,,,,,,"<img height=""154"" width=""149"" alt="""" src=""http://tuvalu.santafe.edu/events/workshops/images/3/34/IMG_44081.PNG"" />",,,,,,"Strongly Agree",,,,,"Strongly Agree",,,,,"Strongly Agree",,,,,"Strongly Agree",,,,,"Strongly Agree",,,,,"Strongly Agree",,,,,"Strongly Agree",,,,,"Strongly Agree",,,,,"Strongly Agree","Power grid",,,,,,,"<img height=""156"" width=""149"" alt="""" src=""http://tuvalu.santafe.edu/events/workshops/images/4/42/IMG_44089.PNG"" />",,,,,,"Agree",,,,,"Agree",,,,,"Agree",,,,,"Agree",,,,,"Agree",,,,,"Agree",,,,,"Agree",,,"Disagree",,,,,,"Neutral",,,"Symmetry emergence",,,,,,,"<img height=""156"" width=""149"" alt="""" src=""http://tuvalu.santafe.edu/events/workshops/images/4/42/IMG_44089.PNG"" />",,,,,,,"Strongly Agree",,,,,"Strongly Agree",,,,,"Strongly Agree",,,,,"Strongly Agree",,,,,"Strongly Agree",,,,,"Strongly Agree",,,,,"Strongly Agree",,,"Neutral",,,,,,,"Strongly Agree",,,,,,,,,,,,,,,,,,,,,,,,,,,,,,,,,,,,,,,,,
4829198077,87980595,06/30/2016 18:29:19,06/30/2016 18:32:51,"130.20.177.74","","","","","2110321594",,,"Often",,,,,"Almost Always",,,,"Almost Always",,,"Often",,,,,"Almost Always",,,"Often",,,,,"Almost Always",,,,"Almost Always",,,,"Almost Always",,"Sometimes",,,"Emergence of groups at SFI CSSS",,,,,,"<img height=""153"" width=""149"" alt="""" src=""http://tuvalu.santafe.edu/events/workshops/images/3/32/IMG_44088.PNG"" />",,,,,,,"Agree",,,,,,"Strongly Agree",,,,"Agree",,,,,,"Strongly Agree",,,,,"Strongly Agree",,,,"Agree",,,,,,"Strongly Agree",,,"Neutral",,,,,,,"Strongly Agree","Semantic word game",,,,,,,,"<img height=""154"" width=""149"" alt="""" src=""http://tuvalu.santafe.edu/events/workshops/images/3/34/IMG_44081.PNG"" />",,,,,,"Strongly Agree",,,,,"Strongly Agree",,,,"Agree",,,,,,"Strongly Agree",,,,,"Strongly Agree",,,,,"Strongly Agree",,,,,"Strongly Agree",,,,"Agree",,,,,,"Strongly Agree","Effects of observer",,,,,,"<img height=""153"" width=""149"" alt="""" src=""http://tuvalu.santafe.edu/events/workshops/images/3/32/IMG_44088.PNG"" />",,,,,,,"Agree",,,,,"Agree",,,,"Neutral",,,,,,,"Strongly Agree",,,,"Agree",,,,"Neutral",,,,,,,"Strongly Agree",,,,"Agree",,,,,"Agree",,,,,,,,,,,,,,,,,,,,,,,,,,,,,,,,,,,,,,,,,,
4829163020,87980595,06/30/2016 18:15:42,06/30/2016 22:22:51,"204.69.190.254","","","","","7002626396",,,"Often",,,,,"Almost Always",,,,"Almost Always",,,,"Almost Always",,,,"Almost Always",,,"Often",,,,"Often",,,,,"Almost Always",,,"Often",,,,,"Almost Always","Complexity in Material Stocked in Japan",,,,,,,,,"<img height=""156"" width=""149"" src=""http://tuvalu.santafe.edu/events/workshops/images/5/55/IMG_44082.PNG"" />",,,,,"Strongly Agree",,,,,"Strongly Agree",,,,,"Strongly Agree",,,,,"Strongly Agree",,,,,"Strongly Agree",,,,,"Strongly Agree",,,,,"Strongly Agree",,,,,"Strongly Agree",,,,,"Strongly Agree","Circular Economy",,,,,,,,,"<img height=""156"" width=""149"" src=""http://tuvalu.santafe.edu/events/workshops/images/5/55/IMG_44082.PNG"" />",,,,,"Strongly Agree",,,,,"Strongly Agree",,,,,"Strongly Agree",,,,"Agree",,,,,,"Strongly Agree",,,,,"Strongly Agree",,,,,"Strongly Agree",,,,"Agree",,,,,,"Strongly Agree",,,,,,,,,,,,,,,,,,,,,,,,,,,,,,,,,,,,,,,,,,,,,,,,,,,,,,,,,,,,,,,,,,,,,,,,,,,,,,,,,,,,,,,,,,,,,,,,
4829117218,87980595,06/30/2016 17:58:31,06/30/2016 18:03:20,"204.69.190.254","","","","","6508593617",,,,"Almost Always",,,,"Almost Always",,,,"Almost Always",,,,"Almost Always",,,,"Almost Always",,"Sometimes",,,,,,"Almost Always",,,"Often",,,,,"Almost Always",,,"Often",,"Dolphin",,,,,,"<img height=""153"" width=""149"" alt="""" src=""http://tuvalu.santafe.edu/events/workshops/images/3/32/IMG_44088.PNG"" />",,,,,,,,"Strongly Agree",,,,,"Strongly Agree",,,,,"Strongly Agree",,,,,"Strongly Agree",,,,"Agree",,,,,,"Strongly Agree",,,,,"Strongly Agree",,,,,"Strongly Agree",,,,,"Strongly Agree","Bias",,,,"<img height=""154"" width=""149"" alt="""" src=""http://tuvalu.santafe.edu/events/workshops/images/4/42/IMG_44086.PNG"" />",,,,,,,,,"Agree",,,,,"Agree",,,,,"Agree",,,,,,"Strongly Agree",,,,"Agree",,,,,"Agree",,,,,,"Strongly Agree",,,,"Agree",,,,,"Agree",,,,,,,,,,,,,,,,,,,,,,,,,,,,,,,,,,,,,,,,,,,,,,,,,,,,,,,,,,,,,,,,,,,,,,,,,,,,,,,,,,,,,,,,,,,,,,,,,
4829111273,87980595,06/30/2016 17:56:10,06/30/2016 18:00:18,"204.69.190.254","","","","","8501672763",,,"Often",,,,,"Almost Always",,,,"Almost Always",,,"Often",,,"Sometimes",,,,,,"Almost Always",,"Sometimes",,,,"Sometimes",,,,,,"Almost Always",,"Sometimes",,,"Semantic Networks",,,,,,"<img height=""153"" width=""149"" alt="""" src=""http://tuvalu.santafe.edu/events/workshops/images/3/32/IMG_44088.PNG"" />",,,,,,"Neutral",,,,,,"Agree",,,,,"Agree",,,,"Neutral",,,,,"Neutral",,,,,,,"Strongly Agree",,,"Neutral",,,,,,"Agree",,,,,"Agree",,"Judicial Bias",,,,,,,"<img height=""156"" width=""149"" alt="""" src=""http://tuvalu.santafe.edu/events/workshops/images/4/42/IMG_44089.PNG"" />",,,,,,,"Strongly Agree",,,,,"Strongly Agree",,,,"Agree",,,,,,"Strongly Agree",,,,,"Strongly Agree",,,"Neutral",,,,,,,"Strongly Agree",,"Disagree",,,,,,,,"Strongly Agree","Chaotic Warping",,,"<img height=""151"" width=""149"" alt="""" src=""http://tuvalu.santafe.edu/events/workshops/images/d/d8/IMG_44085.PNG"" />",,,,,,,,,,,"Strongly Agree",,,,,"Strongly Agree",,,"Neutral",,,,,,,"Strongly Agree",,,"Neutral",,,,"Disagree",,,,,,,"Agree",,,,,"Agree",,,,,,"Strongly Agree",,,,,,,,,,,,,,,,,,,,,,,,,,,,,,,,,,,,,,,,,
4829042798,87980595,06/30/2016 17:30:10,06/30/2016 17:32:29,"204.69.190.254","","","","","1215098756",,,,"Almost Always",,,,"Almost Always",,,,"Almost Always",,,,"Almost Always",,"Sometimes",,,,"Sometimes",,,,"Sometimes",,,,,"Often",,,,"Often",,,,,"Almost Always","Material Scaling in Japan",,,,,,,"<img height=""156"" width=""149"" alt="""" src=""http://tuvalu.santafe.edu/events/workshops/images/4/42/IMG_44089.PNG"" />",,,,,,"Agree",,,,,"Agree",,,,,"Agree",,,,,"Agree",,,,,"Agree",,,,,"Agree",,,,,"Agree",,,,"Neutral",,,,,,"Agree",,"City Mobility",,,,,,"<img height=""153"" width=""149"" alt="""" src=""http://tuvalu.santafe.edu/events/workshops/images/3/32/IMG_44088.PNG"" />",,,,,,,"Agree",,,,,"Agree",,,,,"Agree",,,,"Neutral",,,,,,"Agree",,,,,"Agree",,,,"Neutral",,,,,"Neutral",,,,,,"Agree",,,,,,,,,,,,,,,,,,,,,,,,,,,,,,,,,,,,,,,,,,,,,,,,,,,,,,,,,,,,,,,,,,,,,,,,,,,,,,,,,,,,,,,,,,,,,,,,,
4828931664,87980595,06/30/2016 16:46:46,06/30/2016 16:49:23,"204.69.190.254","","","","","3934050267",,,,"Almost Always",,,"Often",,,,"Often",,,,"Often",,,,"Often",,,,"Often",,,"Sometimes",,,,"Sometimes",,,,,,"Almost Always",,"Sometimes",,,"Chaotic Warping",,,,,,,"<img height=""156"" width=""149"" alt="""" src=""http://tuvalu.santafe.edu/events/workshops/images/4/42/IMG_44089.PNG"" />",,,,,,,"Strongly Agree",,,,,"Strongly Agree",,,,"Agree",,,,,"Agree",,,,,"Agree",,,,,"Agree",,,,,"Agree",,,,,"Agree",,,,,,"Strongly Agree","Speech complexity",,,,,,,"<img height=""156"" width=""149"" alt="""" src=""http://tuvalu.santafe.edu/events/workshops/images/4/42/IMG_44089.PNG"" />",,,,,,,"Strongly Agree",,,,"Agree",,,,,"Agree",,,,,"Agree",,,,,"Agree",,,,,"Agree",,,,,"Agree",,,,"Neutral",,,,,,,"Strongly Agree",,,,,,,,,,,,,,,,,,,,,,,,,,,,,,,,,,,,,,,,,,,,,,,,,,,,,,,,,,,,,,,,,,,,,,,,,,,,,,,,,,,,,,,,,,,,,,,,
4828926145,87980595,06/30/2016 16:44:22,06/30/2016 16:46:46,"204.69.190.254","","","","","7762259202",,,,"Almost Always",,,,"Almost Always",,,,"Almost Always",,,,"Almost Always",,"Sometimes",,,,,"Often",,,"Sometimes",,,,"Sometimes",,,,,"Often",,,,"Often",,"language-ABM",,,,,,,,,"<img height=""156"" width=""149"" src=""http://tuvalu.santafe.edu/events/workshops/images/5/55/IMG_44082.PNG"" />",,,,,"Strongly Agree",,,,,"Strongly Agree",,,,,"Strongly Agree",,,,,"Strongly Agree",,,,,"Strongly Agree",,,,,"Strongly Agree",,,,,"Strongly Agree",,,"Neutral",,,,,,,"Strongly Agree","Trieste lens",,,,,,,,"<img height=""154"" width=""149"" alt="""" src=""http://tuvalu.santafe.edu/events/workshops/images/3/34/IMG_44081.PNG"" />",,,,,,"Strongly Agree",,,,,"Strongly Agree",,,,"Agree",,,,"Neutral",,,,,,"Agree",,,,,"Agree",,,,"Neutral",,,,,"Neutral",,,,,"Neutral",,,,,,,,,,,,,,,,,,,,,,,,,,,,,,,,,,,,,,,,,,,,,,,,,,,,,,,,,,,,,,,,,,,,,,,,,,,,,,,,,,,,,,,,,,,,,,,,,,
4828920754,87980595,06/30/2016 16:42:14,06/30/2016 22:20:32,"204.69.190.254","","","","","701696418",,,,"Almost Always",,,"Often",,,,,"Almost Always",,,"Often",,,,"Often",,,"Sometimes",,,,"Sometimes",,,,,"Often",,,,,"Almost Always",,,"Often",,"Circular Economy",,,,,,,,,"<img height=""156"" width=""149"" src=""http://tuvalu.santafe.edu/events/workshops/images/5/55/IMG_44082.PNG"" />",,,,,"Strongly Agree",,,,,"Strongly Agree",,,,,"Strongly Agree",,,,,"Strongly Agree",,,,,"Strongly Agree",,,,,"Strongly Agree",,,,,"Strongly Agree",,,,"Agree",,,,,,"Strongly Agree","Dolphin",,,,,"<img height=""153"" width=""149"" alt="""" src=""http://tuvalu.santafe.edu/events/workshops/images/9/93/IMG_44087.PNG"" />",,,,,,,,"Agree",,,,,"Agree",,,,"Neutral",,,,,"Neutral",,,,,"Neutral",,,,,"Neutral",,,,,"Neutral",,,,,,"Agree",,,,"Neutral",,,,,,,,,,,,,,,,,,,,,,,,,,,,,,,,,,,,,,,,,,,,,,,,,,,,,,,,,,,,,,,,,,,,,,,,,,,,,,,,,,,,,,,,,,,,,,,,,,
4828916922,87980595,06/30/2016 16:40:52,06/30/2016 16:42:36,"204.69.190.254","","","","","5165166895",,,"Often",,,,,"Almost Always",,,,"Almost Always",,,,"Almost Always",,,,"Almost Always",,,,"Almost Always",,,"Often",,,,"Often",,,,,"Almost Always",,,,"Almost Always","Resource Curse",,,,,,"<img height=""153"" width=""149"" alt="""" src=""http://tuvalu.santafe.edu/events/workshops/images/3/32/IMG_44088.PNG"" />",,,,,,,"Agree",,,,,"Agree",,,,"Neutral",,,,,,"Agree",,,,,"Agree",,,,,"Agree",,,,,"Agree",,,"Disagree",,,,,,,"Agree",,"DOTA Mitre Project",,,,,,,"<img height=""156"" width=""149"" alt="""" src=""http://tuvalu.santafe.edu/events/workshops/images/4/42/IMG_44089.PNG"" />",,,,,,"Agree",,,,,"Agree",,,,"Neutral",,,,,,"Agree",,,,"Neutral",,,,,,"Agree",,,,,"Agree",,,"Disagree",,,,,,,"Agree",,,,,,,,,,,,,,,,,,,,,,,,,,,,,,,,,,,,,,,,,,,,,,,,,,,,,,,,,,,,,,,,,,,,,,,,,,,,,,,,,,,,,,,,,,,,,,,,,
4828911749,87980595,06/30/2016 16:38:39,06/30/2016 16:40:39,"204.69.190.254","","","","","6157622648",,,,"Almost Always",,,,"Almost Always",,,,"Almost Always",,,,"Almost Always",,"Sometimes",,,,,"Often",,,,"Often",,,,"Often",,,,,"Almost Always",,,"Often",,"Movie network",,,,,,,,,"<img height=""156"" width=""149"" src=""http://tuvalu.santafe.edu/events/workshops/images/5/55/IMG_44082.PNG"" />",,,,,"Strongly Agree",,,,,"Strongly Agree",,,,,"Strongly Agree",,,,,"Strongly Agree",,,,,"Strongly Agree",,,,,"Strongly Agree",,,,,"Strongly Agree",,"Disagree",,,,,,"Neutral",,,,,,,,,,,,,,,,,,,,,,,,,,,,,,,,,,,,,,,,,,,,,,,,,,,,,,,,,,,,,,,,,,,,,,,,,,,,,,,,,,,,,,,,,,,,,,,,,,,,,,,,,,,,,,,,,,,,,,,,,,,,,,,,,,,,,,,,,,,,,,,,,,,,,,,,,
4828899105,87980595,06/30/2016 16:33:31,06/30/2016 16:45:14,"204.69.190.254","","","","","875455915",,,,"Almost Always",,,,"Almost Always",,,,"Almost Always",,,,"Almost Always",,,,"Almost Always",,,"Often",,,"Sometimes",,,,,,"Almost Always",,,,"Almost Always","Almost Never",,,,"Societies as Ecologies of Plans",,,,,,,,"<img height=""154"" width=""149"" alt="""" src=""http://tuvalu.santafe.edu/events/workshops/images/3/34/IMG_44081.PNG"" />",,,,,,"Strongly Agree",,,,,"Strongly Agree",,,,,"Strongly Agree",,,,,"Strongly Agree",,,,,"Strongly Agree",,,,,"Strongly Agree",,,,,"Strongly Agree",,,,,"Strongly Agree",,,,,"Strongly Agree","The emergence of project groups in the summer school",,,,,,"<img height=""153"" width=""149"" alt="""" src=""http://tuvalu.santafe.edu/events/workshops/images/3/32/IMG_44088.PNG"" />",,,,,,,"Agree",,,,,"Agree",,,,,"Agree",,,,"Neutral",,,,,"Neutral",,,,,,"Agree",,,,"Neutral",,,,,"Neutral",,,,"Disagree",,,,,,,,,,,,,,,,,,,,,,,,,,,,,,,,,,,,,,,,,,,,,,,,,,,,,,,,,,,,,,,,,,,,,,,,,,,,,,,,,,,,,,,,,,,,,,,,,,,
4828877784,87980595,06/30/2016 16:24:56,06/30/2016 16:48:00,"204.69.190.254","","","","",,,,"Often",,,,,"Almost Always",,,,"Almost Always",,,,"Almost Always",,,"Often",,,"Sometimes",,,,,,"Almost Always",,,,"Almost Always",,,"Often",,,"Sometimes",,,"power monkey network",,,,,,,,"<img height=""154"" width=""149"" alt="""" src=""http://tuvalu.santafe.edu/events/workshops/images/3/34/IMG_44081.PNG"" />",,,,,,"Strongly Agree",,,,,"Strongly Agree",,,,,"Strongly Agree",,,,,"Strongly Agree",,,,,"Strongly Agree",,,,,"Strongly Agree",,,,,"Strongly Agree",,,,"Agree",,,,,,"Strongly Agree","labor viscocity",,,,,,"<img height=""153"" width=""149"" alt="""" src=""http://tuvalu.santafe.edu/events/workshops/images/3/32/IMG_44088.PNG"" />",,,,,,,"Agree",,,,,"Agree",,,,,"Agree",,,,,"Agree",,,,,"Agree",,,,,"Agree",,,,,"Agree",,,,,"Agree",,,,,"Agree",,,,,,,,,,,,,,,,,,,,,,,,,,,,,,,,,,,,,,,,,,,,,,,,,,,,,,,,,,,,,,,,,,,,,,,,,,,,,,,,,,,,,,,,,,,,,,,,,
4828869523,87980595,06/30/2016 16:21:31,06/30/2016 16:26:09,"204.69.190.254","","","","","8824741395",,,"Often",,,,"Often",,,,,"Almost Always",,,"Often",,,"Sometimes",,,,"Sometimes",,,,,"Often",,,,"Often",,,,,"Almost Always",,,"Often",,"Polination assembly",,,,,,,,,"<img height=""156"" width=""149"" src=""http://tuvalu.santafe.edu/events/workshops/images/5/55/IMG_44082.PNG"" />",,,,,"Strongly Agree",,,,,"Strongly Agree",,,,,"Strongly Agree",,,,,"Strongly Agree",,,,,"Strongly Agree",,,,,"Strongly Agree",,,,,"Strongly Agree",,,,,"Strongly Agree",,,,,"Strongly Agree","Changing point Disease",,,,,"<img height=""153"" width=""149"" alt="""" src=""http://tuvalu.santafe.edu/events/workshops/images/9/93/IMG_44087.PNG"" />",,,,,,,,"Agree",,,,"Neutral",,,,,"Neutral",,,,,"Neutral",,,,"Disagree",,,,,,"Neutral",,,,,,"Agree",,,,,"Agree",,,,"Neutral",,,,,,,,,,,,,,,,,,,,,,,,,,,,,,,,,,,,,,,,,,,,,,,,,,,,,,,,,,,,,,,,,,,,,,,,,,,,,,,,,,,,,,,,,,,,,,,,,,
4828867684,87980595,06/30/2016 16:20:51,06/30/2016 16:22:19,"204.69.190.254","","","","","1009963201",,,,"Almost Always",,,,"Almost Always",,,,"Almost Always",,,,"Almost Always",,,,"Almost Always",,,"Often",,,"Sometimes",,,,,,"Almost Always",,,,"Almost Always",,,"Often",,,,,,,,,,,,,,,,,,,,,,,,,,,,,,,,,,,,,,,,,,,,,,,,,,,,,,,,,,,,,,,,,,,,,,,,,,,,,,,,,,,,,,,,,,,,,,,,,,,,,,,,,,,,,,,,,,,,,,,,,,,,,,,,,,,,,,,,,,,,,,,,,,,,,,,,,,,,,,,,,,,,,,,,,,,,,,,,,,,,,,,,,,,,,,,,,,,,,,,,,,,,,,,
4828665175,87980595,06/30/2016 15:02:28,06/30/2016 15:06:22,"204.69.190.254","","","","","357748053",,,,"Almost Always",,,"Often",,,,"Often",,,,"Often",,,,,"Almost Always",,,,"Almost Always",,,,"Almost Always",,,"Often",,,,,"Almost Always",,"Sometimes",,,"Project 1 for testing",,,,,,"<img height=""153"" width=""149"" alt="""" src=""http://tuvalu.santafe.edu/events/workshops/images/3/32/IMG_44088.PNG"" />",,,,,,,"Agree",,,,,"Agree",,,,"Neutral",,,,,"Neutral",,,,,"Neutral",,,,,"Neutral",,,,,,"Agree",,,,,"Agree",,,,,,"Strongly Agree","Project 2 for testing",,,,,,,,,"<img height=""156"" width=""149"" src=""http://tuvalu.santafe.edu/events/workshops/images/5/55/IMG_44082.PNG"" />",,,,,"Strongly Agree",,,,,"Strongly Agree",,,,,"Strongly Agree",,,,,"Strongly Agree",,,,,"Strongly Agree",,,,,"Strongly Agree",,,,,"Strongly Agree",,,,,"Strongly Agree",,,,,"Strongly Agree",,,,,,,,,,,,,,,,,,,,,,,,,,,,,,,,,,,,,,,,,,,,,,,,,,,,,,,,,,,,,,,,,,,,,,,,,,,,,,,,,,,,,,,,,,,,,,,,
4827150402,87980595,06/29/2016 21:49:27,06/30/2016 21:14:22,"204.69.190.254","","","","","9300569657",,,,"Almost Always",,,,"Almost Always",,,,"Almost Always",,,,"Almost Always",,,,"Almost Always",,"Sometimes",,,"Almost Never",,,,,,,"Almost Always",,,"Often",,,,,"Almost Always","Emergence of project groups in CSSS 2016",,,,,,,,"<img height=""154"" width=""149"" alt="""" src=""http://tuvalu.santafe.edu/events/workshops/images/3/34/IMG_44081.PNG"" />",,,,,"Agree",,,,,"Agree",,,,,"Agree",,,,,,"Strongly Agree",,,,"Agree",,,,,"Agree",,,,,"Agree",,,"Disagree",,,,,,,"Agree",," Discourse analysis and it's acoustic links on an Interdisciplinary Operative Group ; Coupling modeling and application to empiric reality.",,,,,,"<img height=""153"" width=""149"" alt="""" src=""http://tuvalu.santafe.edu/events/workshops/images/3/32/IMG_44088.PNG"" />",,,,,,,"Agree",,,,,"Agree",,,,,,"Strongly Agree",,,"Neutral",,,,,"Neutral",,,,,,"Agree",,,,"Neutral",,,,,"Neutral",,,,,,"Agree",,,,,,,,,,,,,,,,,,,,,,,,,,,,,,,,,,,,,,,,,,,,,,,,,,,,,,,,,,,,,,,,,,,,,,,,,,,,,,,,,,,,,,,,,,,,,,,,,
